evidence_id,case_id,platform,source_type,acquisition_mode,provenance_type,verification_status,trust_label,trust_score,review_status,evidence_type,title,body_text,comment_text,language,source_url,url,root_id,parent_id,created_at,collected_at,author_platform_hash,author_hash_method,author_identity_confidence,raw_author_id_removed,raw_author_name_removed,author_display_label,like_count,reply_count,share_count,view_count,content_hash,normalized_content_hash,canonical_url_hash,duplicate_group_id,duplicate_count,risk_flags,content_visibility,access_scope,source_capture_method,coverage_note,raw_data_safe,ingestion_metadata,is_root_content,influence_core_candidate,influence_core_type,source_identity_type,claim_summary,stance_hint,topic_hint,frame_hint,evidence_strength_hint,logic_strength_hint,emotional_intensity_hint,camp_state_hint,emotion_hint,people_cluster_hint,engagement_proxy
sgv1_c65db5ee53c87bb94395ce0a,helldivers2_psn_demo,steam,official_statement,manual_url,manual_url,source_url_provided_unverified,medium,0.65,not_reviewed,official_statement,HELLDIVERS 2 Account Linking Update,"HELLDIVERS 2 Account Linking Update original source url: https://store.steampowered.com/news/app/553850/view/4196868529806518741 platform: steam source type: official statement capture method: browser assisted public snapshot Short summary The public Steam URL identifies an official Helldivers 2 account linking update. The page body was only partially visible from this environment, so this file is limited to source identity and case linkage rather than a full article snapshot. Why it matters This is the official source URL repeatedly referenced by community discussion about the PSN account linking requirement. It anchors the initial controversy as an official update rather than only a community rumor. Coverage limitation Selected public sample only. Not full web coverage. Not full platform coverage. Not full thread coverage. Not official verification. Not causal proof.",,en,https://store.steampowered.com/news/app/553850/view/4196868529806518741,https://store.steampowered.com/news/app/553850/view/4196868529806518741,src_steam_update,,2026-06-14T05:57:54.151Z,2026-06-14T05:57:54.151Z,,sha256_platform_case_salt,unknown,true,true,,0,0,0,0,sha256:12552cae8a9e583da6da109a595f645b54d5f885598cbec179aea453cea83164,sha256:c5b3e5278c2584b5aa31fa2101cffe9b9ea6af42caf18ce9fc5aae068552db50,sha256:18cfe6be01d14d49c92c67cea525083bb13acd386a29db41ba93467e8bce4fb5,dup_64f800e5e3a9356237fc,1,[],public,public,manual_public_snapshot,Selected public sample only. Not full-platform coverage. Not full-web coverage. Not full-thread coverage.,"{""asset_id"":""local-snapshot-src_steam_update-root"",""run_id"":"""",""task_id"":"""",""source_path"":"""",""record_type"":""detail"",""field_score"":0,""keyword"":"""",""entity_ids"":[]}","{""normalized_from"":""opencrawler_local_asset"",""source_record_id"":""local-snapshot-src_steam_update-root"",""source_type"":""official_statement"",""acquisition_mode"":""manual_url"",""normalized_at"":""2026-06-14T05:57:54.156Z"",""warnings"":[]}",true,true,official_statement,official_account,,unknown,,unknown,unknown,unknown,unknown,,,,0
sgv1_9490cdb4ba1fd485279f3b47,helldivers2_psn_demo,reddit,community_discussion,manual_url,manual_url,source_url_provided_unverified,medium,0.65,not_reviewed,community_discussion,Helldivers 2 requiring PSN account linking on Steam starting May 30,"Helldivers 2 requiring PSN account linking on Steam starting May 30 original source url: https://www.reddit.com/r/gaming/comments/1cj1sv3/helldivers 2 requiring psn account linking on/ platform: reddit source type: community discussion capture method: browser assisted public snapshot Short summary This public Reddit discussion reacted to the announced PSN account linking requirement. Visible comments focused on region access, extra account friction, Sony trust, data/security concerns, refunds, and jokes using Helldivers' ""managed democracy"" language. Why it matters The thread provides early community reaction before the rollback. It shows that the controversy was not only about inconvenience; many visible comments framed it as a regional access and consumer trust issue. Coverage limitation Selected visible comments only. Not full web coverage. Not full platform coverage. Not full thread coverage. Not official verification. Not causal proof.",,en,https://www.reddit.com/r/gaming/comments/1cj1sv3/helldivers_2_requiring_psn_account_linking_on/,https://www.reddit.com/r/gaming/comments/1cj1sv3/helldivers_2_requiring_psn_account_linking_on/,src_reddit_initial_reaction,,2026-06-14T05:57:54.153Z,2026-06-14T05:57:54.153Z,,sha256_platform_case_salt,unknown,true,true,,0,0,0,0,sha256:01201b1685171e5ca8cbe7649cc3e81cf2b99366ac2c41fce3165d7fff67089a,sha256:2ff95d42acf0d4622e7ab008405f29b5d9a6145e0d2a9ea7171422973962f2aa,sha256:ae75c42644c9b038a03f6e2382437daf465fd6e51cc5ec9d758a5f8e5b4ff838,dup_7369098e5d111fe1276e,1,[],public,public,manual_public_snapshot,Selected public sample only. Not full-platform coverage. Not full-web coverage. Not full-thread coverage.,"{""asset_id"":""local-snapshot-src_reddit_initial_reaction-root"",""run_id"":"""",""task_id"":"""",""source_path"":"""",""record_type"":""detail"",""field_score"":0,""keyword"":"""",""entity_ids"":[]}","{""normalized_from"":""opencrawler_local_asset"",""source_record_id"":""local-snapshot-src_reddit_initial_reaction-root"",""source_type"":""community_discussion"",""acquisition_mode"":""manual_url"",""normalized_at"":""2026-06-14T05:57:54.156Z"",""warnings"":[]}",true,true,community_discussion,unknown,,unknown,,unknown,unknown,unknown,unknown,,,,0
sgv1_5adea12909fee92ee9e6a831,helldivers2_psn_demo,reddit,community_discussion,manual_url,manual_url,source_url_provided_unverified,medium,0.65,not_reviewed,community_discussion,Helldivers 2's PSN Account Linking Update will not be Moving Forward,"Helldivers 2's PSN Account Linking Update will not be Moving Forward original source url: https://www.reddit.com/r/Games/comments/1cl9zm7/helldivers 2s psn account linking update will not/ platform: reddit source type: community discussion capture method: browser assisted public snapshot Short summary This public Reddit discussion reacted to PlayStation saying the PSN account linking update would not move forward. Visible comments included relief, claims that coordinated community pressure worked, debate over whether the issue was extra login friction or access in unsupported countries, and jokes about review bombs becoming part of the game's lore. Why it matters The thread captures the shift from protest to rollback interpretation. It is a useful late stage signal for de escalation, victory framing, and reputation memory after the account linking decision changed. Coverage limitation Selected visible comments only. Not full web coverage. Not full platform coverage. Not full thread coverage. Not official verification. Not causal proof.",,en,https://www.reddit.com/r/Games/comments/1cl9zm7/helldivers_2s_psn_account_linking_update_will_not/,https://www.reddit.com/r/Games/comments/1cl9zm7/helldivers_2s_psn_account_linking_update_will_not/,src_reddit_rollback,,2026-06-14T05:57:54.153Z,2026-06-14T05:57:54.153Z,,sha256_platform_case_salt,unknown,true,true,,0,0,0,0,sha256:4a73d52912e62789f2ecef5bb43507e8c7d61897f6d526b852abbd4f98e5ccd5,sha256:9c2248369eb5b7a49c981acb0a56e0f0423324be26d3bfb990f82c6b3ff9db5a,sha256:abc1cd301cebc5bd0200ce8bdb2cd9d48701e84dd8ef1851e1da09df97993141,dup_6c2791b13848d3de6f2a,1,[],public,public,manual_public_snapshot,Selected public sample only. Not full-platform coverage. Not full-web coverage. Not full-thread coverage.,"{""asset_id"":""local-snapshot-src_reddit_rollback-root"",""run_id"":"""",""task_id"":"""",""source_path"":"""",""record_type"":""detail"",""field_score"":0,""keyword"":"""",""entity_ids"":[]}","{""normalized_from"":""opencrawler_local_asset"",""source_record_id"":""local-snapshot-src_reddit_rollback-root"",""source_type"":""community_discussion"",""acquisition_mode"":""manual_url"",""normalized_at"":""2026-06-14T05:57:54.156Z"",""warnings"":[]}",true,true,community_discussion,unknown,,unknown,,unknown,unknown,unknown,unknown,,,,0
sgv1_246f9687d7c78b9f19af866b,helldivers2_psn_demo,videogameschronicle,media_article,manual_url,manual_url,source_url_provided_unverified,medium,0.65,not_reviewed,media_article,PlayStation U-turns after Helldivers 2 Steam backlash,"PlayStation U turns after Helldivers 2 Steam backlash original source url: https://www.videogameschronicle.com/news/playstation u turns after helldivers 2 steam backlash scraps mandatory psn account linking/ platform: videogameschronicle source type: media article capture method: browser assisted public snapshot Short summary VGC reported that PlayStation reversed the mandatory PSN account linking plan after Helldivers 2 backlash on Steam. The article summarized the planned May account linking requirement, the rollback announcement, community pressure, negative Steam review movement, and regional availability concerns. Why it matters This third party account helps connect the community reaction with a visible policy reversal and review score dynamics. It also records the issue as broader than one platform thread. Coverage limitation Selected public summary only. Not full web coverage. Not full platform coverage. Not full thread coverage. Not official verification. Not causal proof.",,en,https://www.videogameschronicle.com/news/playstation-u-turns-after-helldivers-2-steam-backlash-scraps-mandatory-psn-account-linking/,https://www.videogameschronicle.com/news/playstation-u-turns-after-helldivers-2-steam-backlash-scraps-mandatory-psn-account-linking/,src_vgc_summary,,2026-06-14T05:57:54.153Z,2026-06-14T05:57:54.153Z,,sha256_platform_case_salt,unknown,true,true,,0,0,0,0,sha256:f8983f5c55bebb5a8ba82030d04933d09a2f0743b5cf703b43fd9079e8d52f63,sha256:dd839cf2d674851967a7761c483472058bacd7462dcd2832895d67b1b9a2a24f,sha256:19f62b92cf68918f1b1e3e988e82b4279aa704483f5118f3a6308c2eabd0a0f4,dup_1dfa7cef4fe81bb31f9f,1,[],public,public,manual_public_snapshot,Selected public sample only. Not full-platform coverage. Not full-web coverage. Not full-thread coverage.,"{""asset_id"":""local-snapshot-src_vgc_summary-root"",""run_id"":"""",""task_id"":"""",""source_path"":"""",""record_type"":""detail"",""field_score"":0,""keyword"":"""",""entity_ids"":[]}","{""normalized_from"":""opencrawler_local_asset"",""source_record_id"":""local-snapshot-src_vgc_summary-root"",""source_type"":""media_article"",""acquisition_mode"":""manual_url"",""normalized_at"":""2026-06-14T05:57:54.156Z"",""warnings"":[]}",true,true,media_article,unknown,,unknown,,unknown,unknown,unknown,unknown,,,,0
sgv1_07eb07ba1076e1bc25ae3b7b,helldivers2_psn_demo,gamedeveloper,media_article,manual_url,manual_url,source_url_provided_unverified,medium,0.65,not_reviewed,media_article,Sony reverses Helldivers 2's account linking requirement,"Sony reverses Helldivers 2's account linking requirement original source url: https://www.gamedeveloper.com/business/sony reverses helldivers 2 s account linking requirement platform: gamedeveloper source type: media article capture method: browser assisted public snapshot Short summary Game Developer reported that Sony reversed the proposed PSN account linking requirement for Helldivers 2 players on Steam. The article noted that the requirement had been planned after launch, that reactions were especially negative among players in regions without PSN availability, and that reviews began recovering after the reversal. Why it matters This source gives an industry press view of the rollback and highlights the regional access issue as a central driver of the controversy. Coverage limitation Selected public summary only. Not full web coverage. Not full platform coverage. Not full thread coverage. Not official verification. Not causal proof.",,en,https://www.gamedeveloper.com/business/sony-reverses-helldivers-2-s-account-linking-requirement,https://www.gamedeveloper.com/business/sony-reverses-helldivers-2-s-account-linking-requirement,src_gamedeveloper_summary,,2026-06-14T05:57:54.153Z,2026-06-14T05:57:54.153Z,,sha256_platform_case_salt,unknown,true,true,,0,0,0,0,sha256:3f1665ab2a1304ac3ef062ce266c3bd81cc95d223674c0fa8f8752e53c641107,sha256:212e94aed19b8a506947583a9b204d527fb580cabe77bc887db55eea29fb0b6e,sha256:d4ed04249b14c66e71630d4202ee30788fc2be7552681020d6980d3a44ae0d67,dup_d96ee1a52086dd2ea3b8,1,[],public,public,manual_public_snapshot,Selected public sample only. Not full-platform coverage. Not full-web coverage. Not full-thread coverage.,"{""asset_id"":""local-snapshot-src_gamedeveloper_summary-root"",""run_id"":"""",""task_id"":"""",""source_path"":"""",""record_type"":""detail"",""field_score"":0,""keyword"":"""",""entity_ids"":[]}","{""normalized_from"":""opencrawler_local_asset"",""source_record_id"":""local-snapshot-src_gamedeveloper_summary-root"",""source_type"":""media_article"",""acquisition_mode"":""manual_url"",""normalized_at"":""2026-06-14T05:57:54.156Z"",""warnings"":[]}",true,true,media_article,unknown,,unknown,,unknown,unknown,unknown,unknown,,,,0
sgv1_306e9ea8f8bbe8247d9e7ec6,helldivers2_psn_demo,reddit,community_meme,manual_url,manual_url,source_url_provided_unverified,medium,0.65,not_reviewed,community_meme,Review Bomb Cape is Here,"Review Bomb Cape is Here original source url: https://www.reddit.com/r/Helldivers/comments/1llsfy9/review bomb cape is here/ platform: reddit source type: community meme capture method: browser assisted public snapshot Short summary This public Reddit discussion reacts to the review bomb cape as a community symbol. Visible comments mostly used short celebratory memes and Helldivers in universe phrasing around democracy, liberty, and the cape. Why it matters The thread is a deconstruction and memory signal: the PSN controversy persisted as an in game/community symbol after the immediate account linking fight. Coverage limitation Selected visible comments only. Not full web coverage. Not full platform coverage. Not full thread coverage. Not official verification. Not causal proof.",,en,https://www.reddit.com/r/Helldivers/comments/1llsfy9/review_bomb_cape_is_here/,https://www.reddit.com/r/Helldivers/comments/1llsfy9/review_bomb_cape_is_here/,src_reddit_cape_discussion,,2026-06-14T05:57:54.154Z,2026-06-14T05:57:54.154Z,,sha256_platform_case_salt,unknown,true,true,,0,0,0,0,sha256:c8a82d333bcf67c6c4b849fd1ce7be66e443ca53b51250fb3c5c4f7b4115c543,sha256:8e2300d61bd8622b0ce80b9757a13f3221fc40dd84b839ad53d0ca02461cf265,sha256:92ea52851ed44273c5d3446dafeba2e6fdfc81ba9b2f28fd1d4c76f23ad47c5b,dup_a9f91ae68199bd293867,1,[],public,public,manual_public_snapshot,Selected public sample only. Not full-platform coverage. Not full-web coverage. Not full-thread coverage.,"{""asset_id"":""local-snapshot-src_reddit_cape_discussion-root"",""run_id"":"""",""task_id"":"""",""source_path"":"""",""record_type"":""detail"",""field_score"":0,""keyword"":"""",""entity_ids"":[]}","{""normalized_from"":""opencrawler_local_asset"",""source_record_id"":""local-snapshot-src_reddit_cape_discussion-root"",""source_type"":""community_meme"",""acquisition_mode"":""manual_url"",""normalized_at"":""2026-06-14T05:57:54.156Z"",""warnings"":[]}",true,true,community_meme,unknown,,unknown,,unknown,unknown,unknown,unknown,,,,0
sgv1_967a3d4cabae69e44d8da849,helldivers2_psn_demo,reddit,community_forum,user_upload,external_agent_assisted,source_url_provided_unverified,medium_low,0.45,review_needed,comment,,,Short visible joke framed the decision as anti-democratic.,en,https://www.reddit.com/r/gaming/comments/1cj1sv3/helldivers_2_requiring_psn_account_linking_on/,https://www.reddit.com/r/gaming/comments/1cj1sv3/helldivers_2_requiring_psn_account_linking_on/,src_reddit_initial_reaction,,2026-06-14T05:57:54.154Z,2026-06-14T05:57:54.154Z,,sha256_platform_case_salt,unknown,true,true,,0,0,0,0,sha256:b49c9eccd78a85a8e9078fd1fc65cd93b8a839da4667f9f74ff3c5c7271155a4,sha256:e86449118712a6756ff05fe214e3eff99b6fdac7757c36ba47c3bfccf84b04de,sha256:ae75c42644c9b038a03f6e2382437daf465fd6e51cc5ec9d758a5f8e5b4ff838,dup_10e6c8c39f1818e28162,1,[],public,public,manual_comment_sample,Selected public sample only. Not full-platform coverage. Not full-web coverage. Not full-thread coverage.,"{""asset_id"":""local-snapshot-src_reddit_initial_reaction-comment-2-1"",""run_id"":"""",""task_id"":"""",""source_path"":"""",""record_type"":""comment"",""field_score"":0,""keyword"":"""",""entity_ids"":[]}","{""normalized_from"":""opencrawler_local_asset"",""source_record_id"":""local-snapshot-src_reddit_initial_reaction-comment-2-1"",""source_type"":""community_forum"",""acquisition_mode"":""user_upload"",""normalized_at"":""2026-06-14T05:57:54.156Z"",""warnings"":[]}",false,false,,community,,opposed,managed_democracy,unknown,unknown,unknown,unknown,mobilizing,mocking,early_reaction,0
sgv1_82bcc5b044292346e7c59a29,helldivers2_psn_demo,reddit,community_forum,user_upload,external_agent_assisted,source_url_provided_unverified,medium_low,0.45,review_needed,comment,,,A visible comment said the game lore joke felt on brand.,en,https://www.reddit.com/r/gaming/comments/1cj1sv3/helldivers_2_requiring_psn_account_linking_on/,https://www.reddit.com/r/gaming/comments/1cj1sv3/helldivers_2_requiring_psn_account_linking_on/,src_reddit_initial_reaction,,2026-06-14T05:57:54.154Z,2026-06-14T05:57:54.154Z,,sha256_platform_case_salt,unknown,true,true,,0,0,0,0,sha256:c3f4c5a5d6a81fd23bdb535626f7b3050fcd93c0350fae578aa855f8b5e1c20c,sha256:898a1a9908967f798072ffca0c787341386083965e446da95b5841f30def9c2c,sha256:ae75c42644c9b038a03f6e2382437daf465fd6e51cc5ec9d758a5f8e5b4ff838,dup_e1ee33977e052a25a9f8,1,[],public,public,manual_comment_sample,Selected public sample only. Not full-platform coverage. Not full-web coverage. Not full-thread coverage.,"{""asset_id"":""local-snapshot-src_reddit_initial_reaction-comment-2-2"",""run_id"":"""",""task_id"":"""",""source_path"":"""",""record_type"":""comment"",""field_score"":0,""keyword"":"""",""entity_ids"":[]}","{""normalized_from"":""opencrawler_local_asset"",""source_record_id"":""local-snapshot-src_reddit_initial_reaction-comment-2-2"",""source_type"":""community_forum"",""acquisition_mode"":""user_upload"",""normalized_at"":""2026-06-14T05:57:54.156Z"",""warnings"":[]}",false,false,,community,,observing,managed_democracy,unknown,unknown,unknown,unknown,normalizing,amused,humor_cluster,0
sgv1_2dc087d1fb2abbd46b3783f7,helldivers2_psn_demo,reddit,community_forum,user_upload,external_agent_assisted,source_url_provided_unverified,medium_low,0.45,review_needed,comment,,,One visible comment raised inability to create PSN accounts in Estonia.,en,https://www.reddit.com/r/gaming/comments/1cj1sv3/helldivers_2_requiring_psn_account_linking_on/,https://www.reddit.com/r/gaming/comments/1cj1sv3/helldivers_2_requiring_psn_account_linking_on/,src_reddit_initial_reaction,,2026-06-14T05:57:54.154Z,2026-06-14T05:57:54.154Z,,sha256_platform_case_salt,unknown,true,true,,0,0,0,0,sha256:6c05384188424c52a4ad980094dbc9d37628abe180fc6fdbb0ccc1e1b1090fae,sha256:7e32c999b3dd928be95b2f055a72e33344a02c4114e3e12d2e6029b43a3ce4ef,sha256:ae75c42644c9b038a03f6e2382437daf465fd6e51cc5ec9d758a5f8e5b4ff838,dup_795126a2be9f987a6736,1,[],public,public,manual_comment_sample,Selected public sample only. Not full-platform coverage. Not full-web coverage. Not full-thread coverage.,"{""asset_id"":""local-snapshot-src_reddit_initial_reaction-comment-2-3"",""run_id"":"""",""task_id"":"""",""source_path"":"""",""record_type"":""comment"",""field_score"":0,""keyword"":"""",""entity_ids"":[]}","{""normalized_from"":""opencrawler_local_asset"",""source_record_id"":""local-snapshot-src_reddit_initial_reaction-comment-2-3"",""source_type"":""community_forum"",""acquisition_mode"":""user_upload"",""normalized_at"":""2026-06-14T05:57:54.156Z"",""warnings"":[]}",false,false,,community,,opposed,regional_access,unknown,unknown,unknown,unknown,explaining,concerned,affected_regions,0
sgv1_3f95d04f645277865ab5605a,helldivers2_psn_demo,reddit,community_forum,user_upload,external_agent_assisted,source_url_provided_unverified,medium_low,0.45,review_needed,comment,,,Another visible reply linked the issue to Baltic country access.,en,https://www.reddit.com/r/gaming/comments/1cj1sv3/helldivers_2_requiring_psn_account_linking_on/,https://www.reddit.com/r/gaming/comments/1cj1sv3/helldivers_2_requiring_psn_account_linking_on/,src_reddit_initial_reaction,,2026-06-14T05:57:54.154Z,2026-06-14T05:57:54.154Z,,sha256_platform_case_salt,unknown,true,true,,0,0,0,0,sha256:6ee5e7bb1f035540f3d42e36d718bbf961a451b7ee23058d111bebb26e95ad42,sha256:536e26a9bdb1087d03f49d8a9d766952bab3e641946bdf61146b9d1e91249a34,sha256:ae75c42644c9b038a03f6e2382437daf465fd6e51cc5ec9d758a5f8e5b4ff838,dup_257623af971f92dfc33c,1,[],public,public,manual_comment_sample,Selected public sample only. Not full-platform coverage. Not full-web coverage. Not full-thread coverage.,"{""asset_id"":""local-snapshot-src_reddit_initial_reaction-comment-2-4"",""run_id"":"""",""task_id"":"""",""source_path"":"""",""record_type"":""comment"",""field_score"":0,""keyword"":"""",""entity_ids"":[]}","{""normalized_from"":""opencrawler_local_asset"",""source_record_id"":""local-snapshot-src_reddit_initial_reaction-comment-2-4"",""source_type"":""community_forum"",""acquisition_mode"":""user_upload"",""normalized_at"":""2026-06-14T05:57:54.156Z"",""warnings"":[]}",false,false,,community,,opposed,regional_access,unknown,unknown,unknown,unknown,explaining,concerned,affected_regions,0
sgv1_2601b484687d8e206914cb37,helldivers2_psn_demo,reddit,community_forum,user_upload,external_agent_assisted,source_url_provided_unverified,medium_low,0.45,review_needed,comment,,,Visible comment argued the change could make paid games unplayable.,en,https://www.reddit.com/r/gaming/comments/1cj1sv3/helldivers_2_requiring_psn_account_linking_on/,https://www.reddit.com/r/gaming/comments/1cj1sv3/helldivers_2_requiring_psn_account_linking_on/,src_reddit_initial_reaction,,2026-06-14T05:57:54.155Z,2026-06-14T05:57:54.155Z,,sha256_platform_case_salt,unknown,true,true,,0,0,0,0,sha256:5dbf1d439433a32d6085df6459612ce5a6343827d7404d76da447aac62a9f94f,sha256:f1f39568a7b8150340f293a24a5c281d52af96771dbaaec5f2a92d841dfb2563,sha256:ae75c42644c9b038a03f6e2382437daf465fd6e51cc5ec9d758a5f8e5b4ff838,dup_7010cc0f6c3575ef1b33,1,[],public,public,manual_comment_sample,Selected public sample only. Not full-platform coverage. Not full-web coverage. Not full-thread coverage.,"{""asset_id"":""local-snapshot-src_reddit_initial_reaction-comment-2-5"",""run_id"":"""",""task_id"":"""",""source_path"":"""",""record_type"":""comment"",""field_score"":0,""keyword"":"""",""entity_ids"":[]}","{""normalized_from"":""opencrawler_local_asset"",""source_record_id"":""local-snapshot-src_reddit_initial_reaction-comment-2-5"",""source_type"":""community_forum"",""acquisition_mode"":""user_upload"",""normalized_at"":""2026-06-14T05:57:54.156Z"",""warnings"":[]}",false,false,,community,,opposed,consumer_access,unknown,unknown,unknown,unknown,mobilizing,frustrated,pc_players,0
sgv1_b88b07af5b3c1c669075bc5b,helldivers2_psn_demo,reddit,community_forum,user_upload,external_agent_assisted,source_url_provided_unverified,medium_low,0.45,review_needed,comment,,,Visible comment suggested asking Steam for a refund.,en,https://www.reddit.com/r/gaming/comments/1cj1sv3/helldivers_2_requiring_psn_account_linking_on/,https://www.reddit.com/r/gaming/comments/1cj1sv3/helldivers_2_requiring_psn_account_linking_on/,src_reddit_initial_reaction,,2026-06-14T05:57:54.155Z,2026-06-14T05:57:54.155Z,,sha256_platform_case_salt,unknown,true,true,,0,0,0,0,sha256:bac176b21169455570c06ddadeca45beb463e1596adf6e332712e674dcc107d9,sha256:1fe723cd14d601c76faf8e8e65bafdba9c42498198a4438175fa616a021d64f1,sha256:ae75c42644c9b038a03f6e2382437daf465fd6e51cc5ec9d758a5f8e5b4ff838,dup_3fbf3769256c832b0444,1,[],public,public,manual_comment_sample,Selected public sample only. Not full-platform coverage. Not full-web coverage. Not full-thread coverage.,"{""asset_id"":""local-snapshot-src_reddit_initial_reaction-comment-2-6"",""run_id"":"""",""task_id"":"""",""source_path"":"""",""record_type"":""comment"",""field_score"":0,""keyword"":"""",""entity_ids"":[]}","{""normalized_from"":""opencrawler_local_asset"",""source_record_id"":""local-snapshot-src_reddit_initial_reaction-comment-2-6"",""source_type"":""community_forum"",""acquisition_mode"":""user_upload"",""normalized_at"":""2026-06-14T05:57:54.156Z"",""warnings"":[]}",false,false,,community,,opposed,refunds,unknown,unknown,unknown,unknown,mobilizing,frustrated,consumer_action,0
sgv1_e06652c935161fbcbb3a2e30,helldivers2_psn_demo,reddit,community_forum,user_upload,external_agent_assisted,source_url_provided_unverified,medium_low,0.45,review_needed,comment,,,Visible comment worried about bait-and-switch expectations.,en,https://www.reddit.com/r/gaming/comments/1cj1sv3/helldivers_2_requiring_psn_account_linking_on/,https://www.reddit.com/r/gaming/comments/1cj1sv3/helldivers_2_requiring_psn_account_linking_on/,src_reddit_initial_reaction,,2026-06-14T05:57:54.155Z,2026-06-14T05:57:54.155Z,,sha256_platform_case_salt,unknown,true,true,,0,0,0,0,sha256:fd461ae5efb6ad2a001033d79b940dabb4692a11ccb55c693db48cefbf6a4c8b,sha256:f137c05f12a4b381569ac769c041585a95cf03a27c3bcab36651c866471159c4,sha256:ae75c42644c9b038a03f6e2382437daf465fd6e51cc5ec9d758a5f8e5b4ff838,dup_1210ad0df22dfd651be7,1,[],public,public,manual_comment_sample,Selected public sample only. Not full-platform coverage. Not full-web coverage. Not full-thread coverage.,"{""asset_id"":""local-snapshot-src_reddit_initial_reaction-comment-2-7"",""run_id"":"""",""task_id"":"""",""source_path"":"""",""record_type"":""comment"",""field_score"":0,""keyword"":"""",""entity_ids"":[]}","{""normalized_from"":""opencrawler_local_asset"",""source_record_id"":""local-snapshot-src_reddit_initial_reaction-comment-2-7"",""source_type"":""community_forum"",""acquisition_mode"":""user_upload"",""normalized_at"":""2026-06-14T05:57:54.156Z"",""warnings"":[]}",false,false,,community,,opposed,consumer_trust,unknown,unknown,unknown,unknown,mobilizing,frustrated,pc_players,0
sgv1_7a2f3705b84d60c139480e60,helldivers2_psn_demo,reddit,community_forum,user_upload,external_agent_assisted,source_url_provided_unverified,medium_low,0.45,review_needed,comment,,,Visible comment said the requirement should be waived outside PSN regions.,en,https://www.reddit.com/r/gaming/comments/1cj1sv3/helldivers_2_requiring_psn_account_linking_on/,https://www.reddit.com/r/gaming/comments/1cj1sv3/helldivers_2_requiring_psn_account_linking_on/,src_reddit_initial_reaction,,2026-06-14T05:57:54.155Z,2026-06-14T05:57:54.155Z,,sha256_platform_case_salt,unknown,true,true,,0,0,0,0,sha256:791149049b628335d79bdae4ff2a85a226fdae9d03227967079ec36697f88905,sha256:688b74360a61456ba13deceb861e190cb4a64170dfda7391340a9a5d903d3d5e,sha256:ae75c42644c9b038a03f6e2382437daf465fd6e51cc5ec9d758a5f8e5b4ff838,dup_59dfd1ac913398c8e856,1,[],public,public,manual_comment_sample,Selected public sample only. Not full-platform coverage. Not full-web coverage. Not full-thread coverage.,"{""asset_id"":""local-snapshot-src_reddit_initial_reaction-comment-2-8"",""run_id"":"""",""task_id"":"""",""source_path"":"""",""record_type"":""comment"",""field_score"":0,""keyword"":"""",""entity_ids"":[]}","{""normalized_from"":""opencrawler_local_asset"",""source_record_id"":""local-snapshot-src_reddit_initial_reaction-comment-2-8"",""source_type"":""community_forum"",""acquisition_mode"":""user_upload"",""normalized_at"":""2026-06-14T05:57:54.156Z"",""warnings"":[]}",false,false,,community,,opposed,regional_access,unknown,unknown,unknown,unknown,explaining,concerned,affected_regions,0
sgv1_5842fb269eeed07b385d17ae,helldivers2_psn_demo,reddit,community_forum,user_upload,external_agent_assisted,source_url_provided_unverified,medium_low,0.45,review_needed,comment,,,Visible comment mocked the security justification for PSN linking.,en,https://www.reddit.com/r/gaming/comments/1cj1sv3/helldivers_2_requiring_psn_account_linking_on/,https://www.reddit.com/r/gaming/comments/1cj1sv3/helldivers_2_requiring_psn_account_linking_on/,src_reddit_initial_reaction,,2026-06-14T05:57:54.155Z,2026-06-14T05:57:54.155Z,,sha256_platform_case_salt,unknown,true,true,,0,0,0,0,sha256:650ddb5af4d8580c4353dd9e69e417e9322b4e888d3e94c5a2715de529bb82ca,sha256:a1ccae2399b47b0819209ac6f4abcfefe2b939b2405a52a7819751a84caf460e,sha256:ae75c42644c9b038a03f6e2382437daf465fd6e51cc5ec9d758a5f8e5b4ff838,dup_af19479b383fc05fb3b2,1,[],public,public,manual_comment_sample,Selected public sample only. Not full-platform coverage. Not full-web coverage. Not full-thread coverage.,"{""asset_id"":""local-snapshot-src_reddit_initial_reaction-comment-2-9"",""run_id"":"""",""task_id"":"""",""source_path"":"""",""record_type"":""comment"",""field_score"":0,""keyword"":"""",""entity_ids"":[]}","{""normalized_from"":""opencrawler_local_asset"",""source_record_id"":""local-snapshot-src_reddit_initial_reaction-comment-2-9"",""source_type"":""community_forum"",""acquisition_mode"":""user_upload"",""normalized_at"":""2026-06-14T05:57:54.156Z"",""warnings"":[]}",false,false,,community,,opposed,security_trust,unknown,unknown,unknown,unknown,mobilizing,mocking,sony_skeptics,0
sgv1_9996b756b85954e1b3747075,helldivers2_psn_demo,reddit,community_forum,user_upload,external_agent_assisted,source_url_provided_unverified,medium_low,0.45,review_needed,comment,,,One visible defense said Sony published the game and wanted ToS agreement.,en,https://www.reddit.com/r/gaming/comments/1cj1sv3/helldivers_2_requiring_psn_account_linking_on/,https://www.reddit.com/r/gaming/comments/1cj1sv3/helldivers_2_requiring_psn_account_linking_on/,src_reddit_initial_reaction,,2026-06-14T05:57:54.155Z,2026-06-14T05:57:54.155Z,,sha256_platform_case_salt,unknown,true,true,,0,0,0,0,sha256:b2d50b0d8a82ac7632dfc551b8360cd5552dda9867ed187fa1790b7677ee18b6,sha256:c1008dde201a38a582cf5b74281c77b4ec8e21f887f52bd60c24c36be70d4efd,sha256:ae75c42644c9b038a03f6e2382437daf465fd6e51cc5ec9d758a5f8e5b4ff838,dup_689e71913073c21be6d9,1,[],public,public,manual_comment_sample,Selected public sample only. Not full-platform coverage. Not full-web coverage. Not full-thread coverage.,"{""asset_id"":""local-snapshot-src_reddit_initial_reaction-comment-2-10"",""run_id"":"""",""task_id"":"""",""source_path"":"""",""record_type"":""comment"",""field_score"":0,""keyword"":"""",""entity_ids"":[]}","{""normalized_from"":""opencrawler_local_asset"",""source_record_id"":""local-snapshot-src_reddit_initial_reaction-comment-2-10"",""source_type"":""community_forum"",""acquisition_mode"":""user_upload"",""normalized_at"":""2026-06-14T05:57:54.156Z"",""warnings"":[]}",false,false,,community,,supporting,platform_policy,unknown,unknown,unknown,unknown,explaining,neutral,policy_defense,0
sgv1_a648f68577676f19820d7952,helldivers2_psn_demo,reddit,community_forum,user_upload,external_agent_assisted,source_url_provided_unverified,medium_low,0.45,review_needed,comment,,,Visible comment celebrated the rollback with a democracy joke.,en,https://www.reddit.com/r/Games/comments/1cl9zm7/helldivers_2s_psn_account_linking_update_will_not/,https://www.reddit.com/r/Games/comments/1cl9zm7/helldivers_2s_psn_account_linking_update_will_not/,src_reddit_rollback,,2026-06-14T05:57:54.155Z,2026-06-14T05:57:54.155Z,,sha256_platform_case_salt,unknown,true,true,,0,0,0,0,sha256:76ad929fb338c2e20c6f0015c98b6074ff353a08ef605dfbfd02048e3d7920f2,sha256:b4d54e8a50324b10b75d04670ba676dd3a586d7806dca80e236b18cf083470aa,sha256:abc1cd301cebc5bd0200ce8bdb2cd9d48701e84dd8ef1851e1da09df97993141,dup_077da11f47ef2610f633,1,[],public,public,manual_comment_sample,Selected public sample only. Not full-platform coverage. Not full-web coverage. Not full-thread coverage.,"{""asset_id"":""local-snapshot-src_reddit_rollback-comment-3-1"",""run_id"":"""",""task_id"":"""",""source_path"":"""",""record_type"":""comment"",""field_score"":0,""keyword"":"""",""entity_ids"":[]}","{""normalized_from"":""opencrawler_local_asset"",""source_record_id"":""local-snapshot-src_reddit_rollback-comment-3-1"",""source_type"":""community_forum"",""acquisition_mode"":""user_upload"",""normalized_at"":""2026-06-14T05:57:54.156Z"",""warnings"":[]}",false,false,,community,,supporting,rollback,unknown,unknown,unknown,unknown,cooling,amused,celebration,0
sgv1_cbf8060bd21d29d6328ca533,helldivers2_psn_demo,reddit,community_forum,user_upload,external_agent_assisted,source_url_provided_unverified,medium_low,0.45,review_needed,comment,,,Visible comment suspected PSN account metrics drove the attempt.,en,https://www.reddit.com/r/Games/comments/1cl9zm7/helldivers_2s_psn_account_linking_update_will_not/,https://www.reddit.com/r/Games/comments/1cl9zm7/helldivers_2s_psn_account_linking_update_will_not/,src_reddit_rollback,,2026-06-14T05:57:54.155Z,2026-06-14T05:57:54.155Z,,sha256_platform_case_salt,unknown,true,true,,0,0,0,0,sha256:533363b3d4bd61d808875775e2411802ab6ec94064ad5ea1d89ff2bbeba277ad,sha256:02bb7d108c9308629b70a7dfabebc1ee804a3a6fc29fbd773860ef9eca285cb9,sha256:abc1cd301cebc5bd0200ce8bdb2cd9d48701e84dd8ef1851e1da09df97993141,dup_1826bfbf01e9bd1fc421,1,[],public,public,manual_comment_sample,Selected public sample only. Not full-platform coverage. Not full-web coverage. Not full-thread coverage.,"{""asset_id"":""local-snapshot-src_reddit_rollback-comment-3-2"",""run_id"":"""",""task_id"":"""",""source_path"":"""",""record_type"":""comment"",""field_score"":0,""keyword"":"""",""entity_ids"":[]}","{""normalized_from"":""opencrawler_local_asset"",""source_record_id"":""local-snapshot-src_reddit_rollback-comment-3-2"",""source_type"":""community_forum"",""acquisition_mode"":""user_upload"",""normalized_at"":""2026-06-14T05:57:54.156Z"",""warnings"":[]}",false,false,,community,,opposed,metrics_incentive,unknown,unknown,unknown,unknown,explaining,skeptical,sony_skeptics,0
sgv1_95c059bd1a59ce067d2262c5,helldivers2_psn_demo,reddit,community_forum,user_upload,external_agent_assisted,source_url_provided_unverified,medium_low,0.45,review_needed,comment,,,Visible reply agreed corporate metrics may have motivated linking.,en,https://www.reddit.com/r/Games/comments/1cl9zm7/helldivers_2s_psn_account_linking_update_will_not/,https://www.reddit.com/r/Games/comments/1cl9zm7/helldivers_2s_psn_account_linking_update_will_not/,src_reddit_rollback,,2026-06-14T05:57:54.155Z,2026-06-14T05:57:54.155Z,,sha256_platform_case_salt,unknown,true,true,,0,0,0,0,sha256:17241391915616b41e15d10afba3b61a78a23d56253b9baf93d0343861a64079,sha256:7d720d63f518b405eaad114b8c8f3a1a98822d9108e3fda60ae986005c31fadb,sha256:abc1cd301cebc5bd0200ce8bdb2cd9d48701e84dd8ef1851e1da09df97993141,dup_61b216ef781bdf75042e,1,[],public,public,manual_comment_sample,Selected public sample only. Not full-platform coverage. Not full-web coverage. Not full-thread coverage.,"{""asset_id"":""local-snapshot-src_reddit_rollback-comment-3-3"",""run_id"":"""",""task_id"":"""",""source_path"":"""",""record_type"":""comment"",""field_score"":0,""keyword"":"""",""entity_ids"":[]}","{""normalized_from"":""opencrawler_local_asset"",""source_record_id"":""local-snapshot-src_reddit_rollback-comment-3-3"",""source_type"":""community_forum"",""acquisition_mode"":""user_upload"",""normalized_at"":""2026-06-14T05:57:54.156Z"",""warnings"":[]}",false,false,,community,,opposed,metrics_incentive,unknown,unknown,unknown,unknown,explaining,skeptical,sony_skeptics,0
sgv1_04df8ceac9db341bef0c1a64,helldivers2_psn_demo,reddit,community_forum,user_upload,external_agent_assisted,source_url_provided_unverified,medium_low,0.45,review_needed,comment,,,Visible comment framed the community effort as a completed major order.,en,https://www.reddit.com/r/Games/comments/1cl9zm7/helldivers_2s_psn_account_linking_update_will_not/,https://www.reddit.com/r/Games/comments/1cl9zm7/helldivers_2s_psn_account_linking_update_will_not/,src_reddit_rollback,,2026-06-14T05:57:54.155Z,2026-06-14T05:57:54.155Z,,sha256_platform_case_salt,unknown,true,true,,0,0,0,0,sha256:22d291fafb1b52c7116310e7d5d51eb9e350497c5a7bf6cabf708b4a479945e1,sha256:eba48034b49d7a12c8b13a03d3409ea6fc74be6c248e59fd12176d58e83b6763,sha256:abc1cd301cebc5bd0200ce8bdb2cd9d48701e84dd8ef1851e1da09df97993141,dup_d28662e2aed8d5716d90,1,[],public,public,manual_comment_sample,Selected public sample only. Not full-platform coverage. Not full-web coverage. Not full-thread coverage.,"{""asset_id"":""local-snapshot-src_reddit_rollback-comment-3-4"",""run_id"":"""",""task_id"":"""",""source_path"":"""",""record_type"":""comment"",""field_score"":0,""keyword"":"""",""entity_ids"":[]}","{""normalized_from"":""opencrawler_local_asset"",""source_record_id"":""local-snapshot-src_reddit_rollback-comment-3-4"",""source_type"":""community_forum"",""acquisition_mode"":""user_upload"",""normalized_at"":""2026-06-14T05:57:54.156Z"",""warnings"":[]}",false,false,,community,,supporting,community_action,unknown,unknown,unknown,unknown,cooling,celebratory,community_victory,0
sgv1_a1a9ae468feb054672c35f12,helldivers2_psn_demo,reddit,community_forum,user_upload,external_agent_assisted,source_url_provided_unverified,medium_low,0.45,review_needed,comment,,,Visible outsider comment was glad PC players avoided extra login.,en,https://www.reddit.com/r/Games/comments/1cl9zm7/helldivers_2s_psn_account_linking_update_will_not/,https://www.reddit.com/r/Games/comments/1cl9zm7/helldivers_2s_psn_account_linking_update_will_not/,src_reddit_rollback,,2026-06-14T05:57:54.155Z,2026-06-14T05:57:54.155Z,,sha256_platform_case_salt,unknown,true,true,,0,0,0,0,sha256:02f89c5cca44498bddc0c75b6380573ecc5c5c80e6b280397dc072fe2bd852ee,sha256:113ca84028322d3cdc54ae631b012a36e99d0ccc00784e42cf73ddedf1eedd60,sha256:abc1cd301cebc5bd0200ce8bdb2cd9d48701e84dd8ef1851e1da09df97993141,dup_6f22bf8bab9a1adb3820,1,[],public,public,manual_comment_sample,Selected public sample only. Not full-platform coverage. Not full-web coverage. Not full-thread coverage.,"{""asset_id"":""local-snapshot-src_reddit_rollback-comment-3-5"",""run_id"":"""",""task_id"":"""",""source_path"":"""",""record_type"":""comment"",""field_score"":0,""keyword"":"""",""entity_ids"":[]}","{""normalized_from"":""opencrawler_local_asset"",""source_record_id"":""local-snapshot-src_reddit_rollback-comment-3-5"",""source_type"":""community_forum"",""acquisition_mode"":""user_upload"",""normalized_at"":""2026-06-14T05:57:54.156Z"",""warnings"":[]}",false,false,,community,,neutral,extra_login,unknown,unknown,unknown,unknown,cooling,relieved,observers,0
sgv1_7bfb68bdd3a52ac4da928131,helldivers2_psn_demo,reddit,community_forum,user_upload,external_agent_assisted,source_url_provided_unverified,medium_low,0.45,review_needed,comment,,,Visible comment said the issue was countries losing access not just login.,en,https://www.reddit.com/r/Games/comments/1cl9zm7/helldivers_2s_psn_account_linking_update_will_not/,https://www.reddit.com/r/Games/comments/1cl9zm7/helldivers_2s_psn_account_linking_update_will_not/,src_reddit_rollback,,2026-06-14T05:57:54.155Z,2026-06-14T05:57:54.155Z,,sha256_platform_case_salt,unknown,true,true,,0,0,0,0,sha256:05b8d4ff6a22ec4daf43109192ee2db77645200fad767b63909aee706b6ad728,sha256:0f481a718a8e1e682339838665354aeac1a218faf323b04fe2aae14001585a03,sha256:abc1cd301cebc5bd0200ce8bdb2cd9d48701e84dd8ef1851e1da09df97993141,dup_3c90f3d5a7f04aaa34e0,1,[],public,public,manual_comment_sample,Selected public sample only. Not full-platform coverage. Not full-web coverage. Not full-thread coverage.,"{""asset_id"":""local-snapshot-src_reddit_rollback-comment-3-6"",""run_id"":"""",""task_id"":"""",""source_path"":"""",""record_type"":""comment"",""field_score"":0,""keyword"":"""",""entity_ids"":[]}","{""normalized_from"":""opencrawler_local_asset"",""source_record_id"":""local-snapshot-src_reddit_rollback-comment-3-6"",""source_type"":""community_forum"",""acquisition_mode"":""user_upload"",""normalized_at"":""2026-06-14T05:57:54.156Z"",""warnings"":[]}",false,false,,community,,opposed,regional_access,unknown,unknown,unknown,unknown,explaining,concerned,affected_regions,0
sgv1_ce8450edbdb8944922498ff7,helldivers2_psn_demo,reddit,community_forum,user_upload,external_agent_assisted,source_url_provided_unverified,medium_low,0.45,review_needed,comment,,,Visible comment said unsupported-region buyers would have lost paid access.,en,https://www.reddit.com/r/Games/comments/1cl9zm7/helldivers_2s_psn_account_linking_update_will_not/,https://www.reddit.com/r/Games/comments/1cl9zm7/helldivers_2s_psn_account_linking_update_will_not/,src_reddit_rollback,,2026-06-14T05:57:54.155Z,2026-06-14T05:57:54.155Z,,sha256_platform_case_salt,unknown,true,true,,0,0,0,0,sha256:6c0f6164ac7880470a999b375cdd2a054c2e2ca67a7523a5074c6e19960dcd78,sha256:794a2a671e7322c110d7a945ec4ab9c00f17b61d123c9e85acd9560e60579c47,sha256:abc1cd301cebc5bd0200ce8bdb2cd9d48701e84dd8ef1851e1da09df97993141,dup_510e556237b37d0954f0,1,[],public,public,manual_comment_sample,Selected public sample only. Not full-platform coverage. Not full-web coverage. Not full-thread coverage.,"{""asset_id"":""local-snapshot-src_reddit_rollback-comment-3-7"",""run_id"":"""",""task_id"":"""",""source_path"":"""",""record_type"":""comment"",""field_score"":0,""keyword"":"""",""entity_ids"":[]}","{""normalized_from"":""opencrawler_local_asset"",""source_record_id"":""local-snapshot-src_reddit_rollback-comment-3-7"",""source_type"":""community_forum"",""acquisition_mode"":""user_upload"",""normalized_at"":""2026-06-14T05:57:54.156Z"",""warnings"":[]}",false,false,,community,,opposed,consumer_access,unknown,unknown,unknown,unknown,explaining,concerned,affected_regions,0
sgv1_f920584b7cc8ff48893ebbcf,helldivers2_psn_demo,reddit,community_forum,user_upload,external_agent_assisted,source_url_provided_unverified,medium_low,0.45,review_needed,comment,,,Visible comment expected the controversy to become an easter egg.,en,https://www.reddit.com/r/Games/comments/1cl9zm7/helldivers_2s_psn_account_linking_update_will_not/,https://www.reddit.com/r/Games/comments/1cl9zm7/helldivers_2s_psn_account_linking_update_will_not/,src_reddit_rollback,,2026-06-14T05:57:54.155Z,2026-06-14T05:57:54.155Z,,sha256_platform_case_salt,unknown,true,true,,0,0,0,0,sha256:8115faec199bc8aa7345a183e1c31c942fd02ed2702dbcd4b38419661c9e57c8,sha256:28c3e48e6d26ada4c7cd9b609c34027abe41f833565da3e040aea4f7ff7d5599,sha256:abc1cd301cebc5bd0200ce8bdb2cd9d48701e84dd8ef1851e1da09df97993141,dup_676752583880c55306df,1,[],public,public,manual_comment_sample,Selected public sample only. Not full-platform coverage. Not full-web coverage. Not full-thread coverage.,"{""asset_id"":""local-snapshot-src_reddit_rollback-comment-3-8"",""run_id"":"""",""task_id"":"""",""source_path"":"""",""record_type"":""comment"",""field_score"":0,""keyword"":"""",""entity_ids"":[]}","{""normalized_from"":""opencrawler_local_asset"",""source_record_id"":""local-snapshot-src_reddit_rollback-comment-3-8"",""source_type"":""community_forum"",""acquisition_mode"":""user_upload"",""normalized_at"":""2026-06-14T05:57:54.156Z"",""warnings"":[]}",false,false,,community,,observing,reputation_memory,unknown,unknown,unknown,unknown,cooling,amused,community_meme,0
sgv1_915f8cc12d9b734f91634854,helldivers2_psn_demo,reddit,community_forum,user_upload,external_agent_assisted,source_url_provided_unverified,medium_low,0.45,review_needed,comment,,,Visible comment said review score graph could become a cape.,en,https://www.reddit.com/r/Games/comments/1cl9zm7/helldivers_2s_psn_account_linking_update_will_not/,https://www.reddit.com/r/Games/comments/1cl9zm7/helldivers_2s_psn_account_linking_update_will_not/,src_reddit_rollback,,2026-06-14T05:57:54.155Z,2026-06-14T05:57:54.155Z,,sha256_platform_case_salt,unknown,true,true,,0,0,0,0,sha256:ecdf193708d5cadc9f2980e662dfea2cb7c92247f4d7d8563c80456e443308c6,sha256:4cd343909724d8151fc578ce83eb2cf4e434d671c87630eac2aaaecfd66ccf6a,sha256:abc1cd301cebc5bd0200ce8bdb2cd9d48701e84dd8ef1851e1da09df97993141,dup_a7943d3ffd5cf788576c,1,[],public,public,manual_comment_sample,Selected public sample only. Not full-platform coverage. Not full-web coverage. Not full-thread coverage.,"{""asset_id"":""local-snapshot-src_reddit_rollback-comment-3-9"",""run_id"":"""",""task_id"":"""",""source_path"":"""",""record_type"":""comment"",""field_score"":0,""keyword"":"""",""entity_ids"":[]}","{""normalized_from"":""opencrawler_local_asset"",""source_record_id"":""local-snapshot-src_reddit_rollback-comment-3-9"",""source_type"":""community_forum"",""acquisition_mode"":""user_upload"",""normalized_at"":""2026-06-14T05:57:54.156Z"",""warnings"":[]}",false,false,,community,,observing,review_bomb_cape,unknown,unknown,unknown,unknown,cooling,amused,community_meme,0
sgv1_a4135775ab9e374cc66d1813,helldivers2_psn_demo,reddit,community_forum,user_upload,external_agent_assisted,source_url_provided_unverified,medium_low,0.45,review_needed,comment,,,Visible comment proposed restoring reviews as thanks to developers.,en,https://www.reddit.com/r/Games/comments/1cl9zm7/helldivers_2s_psn_account_linking_update_will_not/,https://www.reddit.com/r/Games/comments/1cl9zm7/helldivers_2s_psn_account_linking_update_will_not/,src_reddit_rollback,,2026-06-14T05:57:54.155Z,2026-06-14T05:57:54.155Z,,sha256_platform_case_salt,unknown,true,true,,0,0,0,0,sha256:e97ba5d54703440758f8bad78d495219d27195c7e0d347bf3ccd796438b24d0b,sha256:f23c8de1937dbfe356057bd37a385364779d663cd0c4e94cc60b670123883e90,sha256:abc1cd301cebc5bd0200ce8bdb2cd9d48701e84dd8ef1851e1da09df97993141,dup_91d24fe71ef6161c25cc,1,[],public,public,manual_comment_sample,Selected public sample only. Not full-platform coverage. Not full-web coverage. Not full-thread coverage.,"{""asset_id"":""local-snapshot-src_reddit_rollback-comment-3-10"",""run_id"":"""",""task_id"":"""",""source_path"":"""",""record_type"":""comment"",""field_score"":0,""keyword"":"""",""entity_ids"":[]}","{""normalized_from"":""opencrawler_local_asset"",""source_record_id"":""local-snapshot-src_reddit_rollback-comment-3-10"",""source_type"":""community_forum"",""acquisition_mode"":""user_upload"",""normalized_at"":""2026-06-14T05:57:54.156Z"",""warnings"":[]}",false,false,,community,,supporting,review_recovery,unknown,unknown,unknown,unknown,cooling,positive,community_victory,0
sgv1_80b27ef780b12d39ec2fee34,helldivers2_psn_demo,reddit,community_forum,user_upload,external_agent_assisted,source_url_provided_unverified,medium_low,0.45,review_needed,comment,,,Visible comment called the cape drip immaculate.,en,https://www.reddit.com/r/Helldivers/comments/1llsfy9/review_bomb_cape_is_here/,https://www.reddit.com/r/Helldivers/comments/1llsfy9/review_bomb_cape_is_here/,src_reddit_cape_discussion,,2026-06-14T05:57:54.156Z,2026-06-14T05:57:54.156Z,,sha256_platform_case_salt,unknown,true,true,,0,0,0,0,sha256:c757cdf4092c60a9dc9d0ed1b4f1755f3e752324dd688b3a3d72a035a2bb8400,sha256:e9ed9c6b192f96be29fd2807437d3036e45401962585d39a49e3f2bbac71bdf8,sha256:92ea52851ed44273c5d3446dafeba2e6fdfc81ba9b2f28fd1d4c76f23ad47c5b,dup_5eaa1fc8a53bfa853865,1,[],public,public,manual_comment_sample,Selected public sample only. Not full-platform coverage. Not full-web coverage. Not full-thread coverage.,"{""asset_id"":""local-snapshot-src_reddit_cape_discussion-comment-4-1"",""run_id"":"""",""task_id"":"""",""source_path"":"""",""record_type"":""comment"",""field_score"":0,""keyword"":"""",""entity_ids"":[]}","{""normalized_from"":""opencrawler_local_asset"",""source_record_id"":""local-snapshot-src_reddit_cape_discussion-comment-4-1"",""source_type"":""community_forum"",""acquisition_mode"":""user_upload"",""normalized_at"":""2026-06-14T05:57:54.156Z"",""warnings"":[]}",false,false,,community,,supporting,review_bomb_cape,unknown,unknown,unknown,unknown,cooling,amused,community_meme,0
sgv1_f5bfefca1944331c8586e725,helldivers2_psn_demo,reddit,community_forum,user_upload,external_agent_assisted,source_url_provided_unverified,medium_low,0.45,review_needed,comment,,,Visible reply used liberty and democracy meme phrasing.,en,https://www.reddit.com/r/Helldivers/comments/1llsfy9/review_bomb_cape_is_here/,https://www.reddit.com/r/Helldivers/comments/1llsfy9/review_bomb_cape_is_here/,src_reddit_cape_discussion,,2026-06-14T05:57:54.156Z,2026-06-14T05:57:54.156Z,,sha256_platform_case_salt,unknown,true,true,,0,0,0,0,sha256:16fe174ec37459d5f4b1dde361cebd776afbe76ad4dee44ffc5d9209acc191ac,sha256:1eacd73c19f40a557f590dd34548a7efefe04167ff3408b18e87f6cb2402b590,sha256:92ea52851ed44273c5d3446dafeba2e6fdfc81ba9b2f28fd1d4c76f23ad47c5b,dup_de0042f0593922d56764,1,[],public,public,manual_comment_sample,Selected public sample only. Not full-platform coverage. Not full-web coverage. Not full-thread coverage.,"{""asset_id"":""local-snapshot-src_reddit_cape_discussion-comment-4-2"",""run_id"":"""",""task_id"":"""",""source_path"":"""",""record_type"":""comment"",""field_score"":0,""keyword"":"""",""entity_ids"":[]}","{""normalized_from"":""opencrawler_local_asset"",""source_record_id"":""local-snapshot-src_reddit_cape_discussion-comment-4-2"",""source_type"":""community_forum"",""acquisition_mode"":""user_upload"",""normalized_at"":""2026-06-14T05:57:54.156Z"",""warnings"":[]}",false,false,,community,,supporting,community_meme,unknown,unknown,unknown,unknown,cooling,amused,community_meme,0
sgv1_f75b107a42ffda0abb4d2ebd,helldivers2_psn_demo,reddit,community_forum,user_upload,external_agent_assisted,source_url_provided_unverified,medium_low,0.45,review_needed,comment,,,Visible comment simply thanked the cape reveal.,en,https://www.reddit.com/r/Helldivers/comments/1llsfy9/review_bomb_cape_is_here/,https://www.reddit.com/r/Helldivers/comments/1llsfy9/review_bomb_cape_is_here/,src_reddit_cape_discussion,,2026-06-14T05:57:54.156Z,2026-06-14T05:57:54.156Z,,sha256_platform_case_salt,unknown,true,true,,0,0,0,0,sha256:eaab72caa722772f1dc231a35c2ad2da4ebdc47c04d22b46f75b7b53bb0c505b,sha256:55ab6a17f75adc66de46b9b674ee88dd0069b259732c6d651cee746ebe8e6f58,sha256:92ea52851ed44273c5d3446dafeba2e6fdfc81ba9b2f28fd1d4c76f23ad47c5b,dup_dc2f47ce00344bd06482,1,[],public,public,manual_comment_sample,Selected public sample only. Not full-platform coverage. Not full-web coverage. Not full-thread coverage.,"{""asset_id"":""local-snapshot-src_reddit_cape_discussion-comment-4-3"",""run_id"":"""",""task_id"":"""",""source_path"":"""",""record_type"":""comment"",""field_score"":0,""keyword"":"""",""entity_ids"":[]}","{""normalized_from"":""opencrawler_local_asset"",""source_record_id"":""local-snapshot-src_reddit_cape_discussion-comment-4-3"",""source_type"":""community_forum"",""acquisition_mode"":""user_upload"",""normalized_at"":""2026-06-14T05:57:54.156Z"",""warnings"":[]}",false,false,,community,,supporting,review_bomb_cape,unknown,unknown,unknown,unknown,cooling,positive,community_meme,0
sgv1_a11b89a373518b103c8f7349,helldivers2_psn_demo,reddit,community_forum,user_upload,external_agent_assisted,source_url_provided_unverified,medium_low,0.45,review_needed,comment,,,Visible comment joked that a report form had been filed.,en,https://www.reddit.com/r/Helldivers/comments/1llsfy9/review_bomb_cape_is_here/,https://www.reddit.com/r/Helldivers/comments/1llsfy9/review_bomb_cape_is_here/,src_reddit_cape_discussion,,2026-06-14T05:57:54.156Z,2026-06-14T05:57:54.156Z,,sha256_platform_case_salt,unknown,true,true,,0,0,0,0,sha256:c9661ed6e07b2b3824f2dcbfda8919fd0977d34319cef68e7e7b57c4408545ec,sha256:46a2804536867557843f485ebafd5f4f8281be2ccb680e414fe36d0503087419,sha256:92ea52851ed44273c5d3446dafeba2e6fdfc81ba9b2f28fd1d4c76f23ad47c5b,dup_d569f68693c8b12fd296,1,[],public,public,manual_comment_sample,Selected public sample only. Not full-platform coverage. Not full-web coverage. Not full-thread coverage.,"{""asset_id"":""local-snapshot-src_reddit_cape_discussion-comment-4-4"",""run_id"":"""",""task_id"":"""",""source_path"":"""",""record_type"":""comment"",""field_score"":0,""keyword"":"""",""entity_ids"":[]}","{""normalized_from"":""opencrawler_local_asset"",""source_record_id"":""local-snapshot-src_reddit_cape_discussion-comment-4-4"",""source_type"":""community_forum"",""acquisition_mode"":""user_upload"",""normalized_at"":""2026-06-14T05:57:54.156Z"",""warnings"":[]}",false,false,,community,,observing,community_meme,unknown,unknown,unknown,unknown,cooling,amused,community_meme,0
sgv1_4db3b6cdbec5b4cbf504e73c,helldivers2_psn_demo,reddit,community_forum,user_upload,external_agent_assisted,source_url_provided_unverified,medium_low,0.45,review_needed,comment,,,Visible comment said the cape was real or maybe fake.,en,https://www.reddit.com/r/Helldivers/comments/1llsfy9/review_bomb_cape_is_here/,https://www.reddit.com/r/Helldivers/comments/1llsfy9/review_bomb_cape_is_here/,src_reddit_cape_discussion,,2026-06-14T05:57:54.156Z,2026-06-14T05:57:54.156Z,,sha256_platform_case_salt,unknown,true,true,,0,0,0,0,sha256:e8bd11138f06b6b76d7adc2eb6db80aeab168abf3857c33594cd70435f41e63a,sha256:37ab2c17d3410c8331cfaf75ef94e528d00c42e917a674416d1181f504b53277,sha256:92ea52851ed44273c5d3446dafeba2e6fdfc81ba9b2f28fd1d4c76f23ad47c5b,dup_b8af1121ea6899f170b4,1,[],public,public,manual_comment_sample,Selected public sample only. Not full-platform coverage. Not full-web coverage. Not full-thread coverage.,"{""asset_id"":""local-snapshot-src_reddit_cape_discussion-comment-4-5"",""run_id"":"""",""task_id"":"""",""source_path"":"""",""record_type"":""comment"",""field_score"":0,""keyword"":"""",""entity_ids"":[]}","{""normalized_from"":""opencrawler_local_asset"",""source_record_id"":""local-snapshot-src_reddit_cape_discussion-comment-4-5"",""source_type"":""community_forum"",""acquisition_mode"":""user_upload"",""normalized_at"":""2026-06-14T05:57:54.156Z"",""warnings"":[]}",false,false,,community,,unknown,review_bomb_cape,unknown,unknown,unknown,unknown,cooling,uncertain,community_meme,0
sgv1_a876914b1be7d027a3e48f38,helldivers2_psn_demo,reddit,community_forum,user_upload,external_agent_assisted,source_url_provided_unverified,medium_low,0.45,review_needed,comment,,,Visible comment blessed the community symbol in game language.,en,https://www.reddit.com/r/Helldivers/comments/1llsfy9/review_bomb_cape_is_here/,https://www.reddit.com/r/Helldivers/comments/1llsfy9/review_bomb_cape_is_here/,src_reddit_cape_discussion,,2026-06-14T05:57:54.156Z,2026-06-14T05:57:54.156Z,,sha256_platform_case_salt,unknown,true,true,,0,0,0,0,sha256:07c0b4106a925997ae48205490c7c934259703ee56a0790a496b1bee83c94422,sha256:16be325e08f46e9ffcf73d75ec6bed80bd0c7459c72fab25c901bb8c94df5b59,sha256:92ea52851ed44273c5d3446dafeba2e6fdfc81ba9b2f28fd1d4c76f23ad47c5b,dup_3dc9d6b81b6cf42df7f5,1,[],public,public,manual_comment_sample,Selected public sample only. Not full-platform coverage. Not full-web coverage. Not full-thread coverage.,"{""asset_id"":""local-snapshot-src_reddit_cape_discussion-comment-4-6"",""run_id"":"""",""task_id"":"""",""source_path"":"""",""record_type"":""comment"",""field_score"":0,""keyword"":"""",""entity_ids"":[]}","{""normalized_from"":""opencrawler_local_asset"",""source_record_id"":""local-snapshot-src_reddit_cape_discussion-comment-4-6"",""source_type"":""community_forum"",""acquisition_mode"":""user_upload"",""normalized_at"":""2026-06-14T05:57:54.156Z"",""warnings"":[]}",false,false,,community,,supporting,community_meme,unknown,unknown,unknown,unknown,cooling,amused,community_meme,0
sgv1_1371728ad3950f0d7352e21d,helldivers2_psn_demo,reddit,community_forum,user_upload,external_agent_assisted,source_url_provided_unverified,medium_low,0.45,review_needed,comment,,,Visible comment used short meme phrasing about the flag.,en,https://www.reddit.com/r/Helldivers/comments/1llsfy9/review_bomb_cape_is_here/,https://www.reddit.com/r/Helldivers/comments/1llsfy9/review_bomb_cape_is_here/,src_reddit_cape_discussion,,2026-06-14T05:57:54.156Z,2026-06-14T05:57:54.156Z,,sha256_platform_case_salt,unknown,true,true,,0,0,0,0,sha256:c61f96c408593298f99a43e50fde3517c10a40e6bd57a3e7794a74d9fb636b57,sha256:273c0cb557d70992c8a4b516936b9efb8e0f7d9fe0b75cbfc91e994e66b5efaf,sha256:92ea52851ed44273c5d3446dafeba2e6fdfc81ba9b2f28fd1d4c76f23ad47c5b,dup_190883af42ecb2408b2c,1,[],public,public,manual_comment_sample,Selected public sample only. Not full-platform coverage. Not full-web coverage. Not full-thread coverage.,"{""asset_id"":""local-snapshot-src_reddit_cape_discussion-comment-4-7"",""run_id"":"""",""task_id"":"""",""source_path"":"""",""record_type"":""comment"",""field_score"":0,""keyword"":"""",""entity_ids"":[]}","{""normalized_from"":""opencrawler_local_asset"",""source_record_id"":""local-snapshot-src_reddit_cape_discussion-comment-4-7"",""source_type"":""community_forum"",""acquisition_mode"":""user_upload"",""normalized_at"":""2026-06-14T05:57:54.156Z"",""warnings"":[]}",false,false,,community,,supporting,review_bomb_cape,unknown,unknown,unknown,unknown,cooling,amused,community_meme,0
sgv1_3749436e29dc80867132fbb7,helldivers2_psn_demo,reddit,community_forum,user_upload,external_agent_assisted,source_url_provided_unverified,medium_low,0.45,review_needed,comment,,,Visible comment used a joke format unrelated to new policy debate.,en,https://www.reddit.com/r/Helldivers/comments/1llsfy9/review_bomb_cape_is_here/,https://www.reddit.com/r/Helldivers/comments/1llsfy9/review_bomb_cape_is_here/,src_reddit_cape_discussion,,2026-06-14T05:57:54.156Z,2026-06-14T05:57:54.156Z,,sha256_platform_case_salt,unknown,true,true,,0,0,0,0,sha256:464e2dd4102e846894cf836a6c4d91531396bdf8277a1652f2673e31b3076bf4,sha256:7bc05190db96173390266d0e27802b739d0ea4e84d4a40fdd12b303f61e8d3c4,sha256:92ea52851ed44273c5d3446dafeba2e6fdfc81ba9b2f28fd1d4c76f23ad47c5b,dup_0a96bf8a7bf7ebb930e5,1,[],public,public,manual_comment_sample,Selected public sample only. Not full-platform coverage. Not full-web coverage. Not full-thread coverage.,"{""asset_id"":""local-snapshot-src_reddit_cape_discussion-comment-4-8"",""run_id"":"""",""task_id"":"""",""source_path"":"""",""record_type"":""comment"",""field_score"":0,""keyword"":"""",""entity_ids"":[]}","{""normalized_from"":""opencrawler_local_asset"",""source_record_id"":""local-snapshot-src_reddit_cape_discussion-comment-4-8"",""source_type"":""community_forum"",""acquisition_mode"":""user_upload"",""normalized_at"":""2026-06-14T05:57:54.156Z"",""warnings"":[]}",false,false,,community,,unknown,late_stage_meme,unknown,unknown,unknown,unknown,cooling,amused,community_meme,0
